{"cameraMode":{"drawMode":0,"name":"Shaded","section":"Shading Mode"},"sceneLighting":false,"audioPlay":false,"sceneViewState":{"m_AlwaysRefresh":false,"showFog":true,"showSkybox":false,"showFlares":true,"showImageEffects":true,"showParticleSystems":true,"showVisualEffectGraphs":true,"m_FxEnabled":true},"in2DMode":false,"pivot":{"x":6.579999923706055,"y":0.31999993324279787,"z":-9.819999694824219},"rotation":{"x":0.039211563766002658,"y":0.9357461929321289,"z":-0.10871697962284088,"w":0.33373263478279116},"size":3.464101552963257,"orthographic":false}