{"cameraMode":{"drawMode":0,"name":"Shaded","section":"Shading Mode"},"sceneLighting":true,"audioPlay":false,"sceneViewState":{"m_AlwaysRefresh":false,"showFog":true,"showSkybox":true,"showFlares":true,"showImageEffects":true,"showParticleSystems":true,"showVisualEffectGraphs":true,"m_FxEnabled":true},"in2DMode":false,"pivot":{"x":76.23719787597656,"y":30.309297561645509,"z":90.53289794921875},"rotation":{"x":-0.07591670006513596,"y":0.29557469487190249,"z":0.02401541918516159,"w":0.9522239565849304},"size":54.72896194458008,"orthographic":false}