{"cameraMode":{"drawMode":0,"name":"Shaded","section":"Shading Mode"},"sceneLighting":true,"audioPlay":false,"sceneViewState":{"m_AlwaysRefresh":false,"showFog":true,"showSkybox":true,"showFlares":true,"showImageEffects":true,"showParticleSystems":true,"showVisualEffectGraphs":true,"m_FxEnabled":true},"in2DMode":false,"pivot":{"x":13.194690704345704,"y":1.018542766571045,"z":-1.5269006490707398},"rotation":{"x":0.17042586207389832,"y":0.3851204514503479,"z":-0.07260807603597641,"w":0.9041682481765747},"size":8.589082717895508,"orthographic":false}