{"cameraMode":{"drawMode":0,"name":"Shaded","section":"Shading Mode"},"sceneLighting":true,"audioPlay":false,"sceneViewState":{"m_AlwaysRefresh":false,"showFog":true,"showSkybox":true,"showFlares":true,"showImageEffects":true,"showParticleSystems":true,"showVisualEffectGraphs":true,"m_FxEnabled":true},"in2DMode":false,"pivot":{"x":673.4498901367188,"y":337.7207336425781,"z":-508.06988525390627},"rotation":{"x":0.06410727649927139,"y":-0.06472739577293396,"z":0.004752288106828928,"w":0.9960653185844421},"size":1.720465064048767,"orthographic":false}