{"cameraMode":{"drawMode":0,"name":"Shaded","section":"Shading Mode"},"sceneLighting":true,"audioPlay":false,"sceneViewState":{"m_AlwaysRefresh":false,"showFog":true,"showSkybox":true,"showFlares":true,"showImageEffects":true,"showParticleSystems":true,"showVisualEffectGraphs":true,"m_FxEnabled":true},"in2DMode":false,"pivot":{"x":-27.841777801513673,"y":13.927264213562012,"z":-3.6394309997558595},"rotation":{"x":0.12187831103801727,"y":0.5779340863227844,"z":-0.0878598541021347,"w":0.8021897673606873},"size":1.2247449159622193,"orthographic":false}