{"cameraMode":{"drawMode":0,"name":"Shaded","section":"Shading Mode"},"sceneLighting":true,"audioPlay":false,"sceneViewState":{"m_AlwaysRefresh":false,"showFog":true,"showSkybox":true,"showFlares":true,"showImageEffects":true,"showParticleSystems":true,"showVisualEffectGraphs":true,"m_FxEnabled":true},"in2DMode":false,"pivot":{"x":19.60862159729004,"y":6.503714084625244,"z":16.316871643066408},"rotation":{"x":-0.03425754979252815,"y":-0.9649513959884644,"z":0.16116967797279359,"w":-0.20439542829990388},"size":17.410730361938478,"orthographic":false}