{"cameraMode":{"drawMode":0,"name":"Shaded","section":"Shading Mode"},"sceneLighting":true,"audioPlay":false,"sceneViewState":{"m_AlwaysRefresh":false,"showFog":true,"showSkybox":true,"showFlares":true,"showImageEffects":true,"showParticleSystems":true,"showVisualEffectGraphs":true,"m_FxEnabled":true},"in2DMode":false,"pivot":{"x":83.83111572265625,"y":12.097976684570313,"z":0.4011489152908325},"rotation":{"x":-0.057305216789245608,"y":-0.9425762295722961,"z":0.24149665236473084,"w":-0.22374562919139863},"size":14.361406326293946,"orthographic":false}