{"cameraMode":{"drawMode":0,"name":"Shaded","section":"Shading Mode"},"sceneLighting":true,"audioPlay":false,"sceneViewState":{"m_AlwaysRefresh":false,"showFog":true,"showSkybox":true,"showFlares":true,"showImageEffects":true,"showParticleSystems":true,"showVisualEffectGraphs":true,"m_FxEnabled":true},"in2DMode":false,"pivot":{"x":14.364048957824707,"y":2.5284857749938967,"z":1.0213323831558228},"rotation":{"x":0.03821049630641937,"y":0.4883180856704712,"z":-0.021408094093203546,"w":0.8716495037078857},"size":8.589082717895508,"orthographic":false}