{"cameraMode":{"drawMode":0,"name":"Shaded","section":"Shading Mode"},"sceneLighting":true,"audioPlay":false,"sceneViewState":{"m_AlwaysRefresh":false,"showFog":true,"showSkybox":true,"showFlares":true,"showImageEffects":true,"showParticleSystems":true,"showVisualEffectGraphs":true,"m_FxEnabled":true},"in2DMode":false,"pivot":{"x":-1.1278104782104493,"y":8.925658226013184,"z":10.465339660644532},"rotation":{"x":0.20503397285938264,"y":-0.18856118619441987,"z":0.040392402559518817,"w":0.9595991373062134},"size":12.12435531616211,"orthographic":false}